{
  "version": 1,
  "notes": "",
  "documentation": "\"This file is a QMK Configurator export. You can import this at <https://config.qmk.fm>. It can also be used directly with QMK's source code.\n\nTo setup your QMK environment check out the tutorial: <https://docs.qmk.fm/#/newbs>\n\nYou can convert this file to a keymap.c using this command: `qmk json2c {keymap}`\n\nYou can compile this keymap using this command: `qmk compile {keymap}`\"\n",
  "keyboard": "lily58/light",
  "keymap": "lily58_light_layout_mine",
  "layout": "LAYOUT",
  "layers": [
    [
      "LCTL_T(KC_ESC)",
      "KC_F1",
      "KC_F2",
      "KC_F3",
      "KC_F4",
      "KC_F5",
      "KC_F6",
      "KC_F7",
      "KC_F8",
      "KC_F9",
      "KC_F10",
      "KC_BSPC",
      "LALT_T(KC_TAB)",
      "KC_Q",
      "KC_W",
      "KC_E",
      "KC_R",
      "KC_T",
      "KC_Y",
      "KC_U",
      "KC_I",
      "KC_O",
      "KC_P",
      "LALT_T(KC_DEL)",
      "LSFT_T(KC_BSPC)",
      "KC_A",
      "KC_S",
      "KC_D",
      "KC_F",
      "KC_G",
      "KC_H",
      "KC_J",
      "KC_K",
      "KC_L",
      "KC_SCLN",
      "RSFT_T(KC_ENT)",
      "LGUI_T(KC_ENT)",
      "KC_Z",
      "KC_X",
      "KC_C",
      "KC_V",
      "KC_B",
      "KC_NO",
      "TO(15)",
      "KC_N",
      "KC_M",
      "KC_COMM",
      "KC_DOT",
      "KC_SLSH",
      "RCTL_T(KC_ENT)",
      "KC_LSFT",
      "KC_LALT",
      "MO(6)",
      "KC_SPC",
      "LSFT_T(KC_ENT)",
      "MO(5)",
      "MO(7)",
      "KC_RSFT"
    ],
    [
      "KC_TRNS",
      "RALT(KC_1)",
      "RALT(KC_0)",
      "KC_NO",
      "KC_NO",
      "KC_NO",
      "RALT(KC_6)",
      "KC_8",
      "KC_8",
      "RALT(KC_9)",
      "RALT(KC_0)",
      "KC_TRNS",
      "KC_TRNS",
      "KC_1",
      "RALT(KC_2)",
      "RALT(KC_4)",
      "RALT(KC_EQL)",
      "KC_RBRC",
      "RALT(KC_8)",
      "KC_P7",
      "KC_P8",
      "KC_P9",
      "KC_PPLS",
      "KC_TRNS",
      "KC_TRNS",
      "KC_NO",
      "KC_3",
      "KC_5",
      "KC_MINS",
      "RALT(KC_3)",
      "KC_PSLS",
      "KC_P4",
      "KC_P5",
      "KC_P6",
      "KC_PMNS",
      "KC_TRNS",
      "KC_TRNS",
      "KC_NUBS",
      "RSFT(KC_NUBS)",
      "RALT(KC_5)",
      "RALT(KC_MINS)",
      "LSFT(KC_QUOT)",
      "RALT(KC_0)",
      "KC_TRNS",
      "KC_PAST",
      "KC_P1",
      "KC_P2",
      "KC_P3",
      "KC_PEQL",
      "KC_TRNS",
      "KC_TRNS",
      "KC_TRNS",
      "KC_TRNS",
      "KC_TRNS",
      "KC_P0",
      "TO(3)",
      "KC_PDOT",
      "KC_PDOT"
    ],
    [
      "KC_TRNS",
      "KC_F1",
      "KC_F2",
      "KC_F3",
      "KC_F4",
      "KC_F5",
      "KC_F6",
      "KC_F7",
      "KC_F8",
      "KC_F9",
      "KC_F10",
      "KC_TRNS",
      "KC_TRNS",
      "KC_GRV",
      "ANY(KC_ICIRC)",
      "ANY(KC_ECIRC)",
      "ANY(KC_UCIRC)",
      "LSFT(KC_LBRC)",
      "KC_HOME",
      "LCTL(KC_END)",
      "LCTL(KC_HOME)",
      "KC_END",
      "KC_PSCR",
      "KC_TRNS",
      "KC_TRNS",
      "KC_0",
      "ANY(KC_OCIRC)",
      "KC_7",
      "KC_2",
      "KC_LBRC",
      "KC_LEFT",
      "KC_DOWN",
      "KC_UP",
      "KC_RGHT",
      "KC_ENT",
      "KC_TRNS",
      "KC_TRNS",
      "KC_CAPS",
      "LSFT_T(KC_X)",
      "KC_9",
      "KC_QUOT",
      "RALT(KC_7)",
      "KC_F11",
      "KC_F12",
      "LCTL(KC_LEFT)",
      "KC_PGDN",
      "KC_PGUP",
      "LCTL(KC_RGHT)",
      "KC_NLCK",
      "KC_TRNS",
      "KC_TRNS",
      "KC_TRNS",
      "TO(3)",
      "KC_TRNS",
      "KC_TRNS",
      "KC_TRNS",
      "KC_TRNS",
      "KC_TRNS"
    ],
    [
      "KC_TRNS",
      "KC_F1",
      "KC_F2",
      "KC_F3",
      "KC_F4",
      "KC_F5",
      "KC_F6",
      "KC_F7",
      "KC_F8",
      "KC_F9",
      "KC_F10",
      "KC_TRNS",
      "KC_TRNS",
      "KC_VOLU",
      "KC_HOME",
      "KC_UP",
      "KC_END",
      "KC_PGUP",
      "KC_MRWD",
      "KC_BRID",
      "KC_MS_U",
      "KC_BRIU",
      "KC_WH_U",
      "KC_TRNS",
      "KC_TRNS",
      "KC_VOLD",
      "KC_LEFT",
      "KC_DOWN",
      "KC_RGHT",
      "KC_PGDN",
      "KC_MPLY",
      "KC_MS_L",
      "KC_MS_D",
      "KC_MS_R",
      "KC_WH_D",
      "KC_TRNS",
      "KC_TRNS",
      "KC_MUTE",
      "KC_ACL0",
      "KC_ACL1",
      "KC_ACL2",
      "KC_INS",
      "KC_F11",
      "KC_F12",
      "KC_MFFD",
      "KC_BTN1",
      "KC_BTN3",
      "KC_BTN2",
      "KC_PSCR",
      "KC_TRNS",
      "KC_TRNS",
      "KC_TRNS",
      "TO(0)",
      "KC_TRNS",
      "KC_TRNS",
      "KC_TRNS",
      "KC_TRNS",
      "KC_TRNS"
    ],
    [
      "KC_TRNS",
      "KC_F1",
      "KC_F2",
      "KC_F3",
      "KC_F4",
      "KC_F5",
      "KC_F6",
      "KC_F7",
      "KC_F8",
      "KC_F9",
      "KC_F10",
      "KC_TRNS",
      "KC_TRNS",
      "KC_PPLS",
      "KC_P7",
      "KC_P8",
      "KC_P9",
      "KC_PAST",
      "ANY(fDIAE)",
      "ANY(KC_UCIRC)",
      "ANY(KC_ICIRC)",
      "ANY(KC_OCIRC)",
      "KC_PSCR",
      "KC_TRNS",
      "KC_TRNS",
      "KC_PEQL",
      "KC_P4",
      "KC_P5",
      "KC_P6",
      "KC_PDOT",
      "ANY(fCIRC)",
      "ANY(fEACU)",
      "ANY(fEGRV)",
      "ANY(KC_ECIRC)",
      "ANY(fAGRV)",
      "KC_TRNS",
      "KC_TRNS",
      "KC_PMNS",
      "KC_P1",
      "KC_P2",
      "KC_P3",
      "KC_PSLS",
      "KC_F11",
      "KC_F12",
      "ANY(fGRV)",
      "ANY(fUGRV)",
      "ANY(fCCED)",
      "KC_CAPS",
      "KC_GRV",
      "KC_TRNS",
      "KC_P0",
      "KC_P0",
      "KC_TRNS",
      "KC_TRNS",
      "KC_TRNS",
      "KC_TRNS",
      "KC_TRNS",
      "KC_TRNS"
    ],
    [
      "KC_TRNS",
      "ANY(KC_ACIRC)",
      "ANY(fEACU)",
      "ANY(fEGRV)",
      "ANY(KC_ECIRC)",
      "ANY(fAGRV)",
      "ANY(fUGRV)",
      "ANY(KC_UCIRC)",
      "ANY(KC_ICIRC)",
      "ANY(KC_OCIRC)",
      "ANY(fCCED)",
      "KC_TRNS",
      "KC_TRNS",
      "ANY(fAMPR)",
      "ANY(fTILD)",
      "ANY(fLCBR)",
      "ANY(fLABK)",
      "ANY(fDLR)",
      "ANY(fPIPE)",
      "ANY(fRABK)",
      "ANY(fRCBR)",
      "KC_EQL",
      "KC_PPLS",
      "KC_TRNS",
      "KC_TRNS",
      "ANY(fDQUO)",
      "ANY(fQUOT)",
      "ANY(fLBRC)",
      "ANY(fLPRN)",
      "ANY(fHASH)",
      "ANY(fBSLS)",
      "ANY(fRPRN)",
      "ANY(fRBRC)",
      "KC_PAST",
      "KC_PMNS",
      "KC_TRNS",
      "KC_TRNS",
      "ANY(fMICR)",
      "ANY(fDEG)",
      "ANY(FR_AT)",
      "ANY(fUNDS)",
      "ANY(fPERC)",
      "ANY(fCIRC)",
      "ANY(fDIAE)",
      "ANY(fGRV)",
      "ANY(fQUES)",
      "KC_PDOT",
      "KC_PSLS",
      "ANY(fEXLM)",
      "KC_TRNS",
      "KC_TRNS",
      "KC_TRNS",
      "KC_TRNS",
      "KC_TRNS",
      "KC_TRNS",
      "KC_TRNS",
      "KC_TRNS",
      "KC_TRNS"
    ],
    [
      "KC_TRNS",
      "KC_F1",
      "KC_F2",
      "KC_F3",
      "KC_F4",
      "KC_F5",
      "KC_F6",
      "KC_F7",
      "KC_F8",
      "KC_F9",
      "KC_F10",
      "KC_TRNS",
      "KC_TRNS",
      "KC_PAST",
      "KC_P7",
      "KC_P8",
      "KC_P9",
      "KC_PPLS",
      "KC_PGUP",
      "KC_HOME",
      "KC_UP",
      "KC_END",
      "KC_VOLU",
      "KC_TRNS",
      "KC_TRNS",
      "KC_P0",
      "KC_P4",
      "KC_P5",
      "KC_P6",
      "KC_EQL",
      "KC_PGDN",
      "KC_LEFT",
      "KC_DOWN",
      "KC_RGHT",
      "KC_VOLD",
      "KC_TRNS",
      "KC_TRNS",
      "KC_PSLS",
      "KC_P1",
      "KC_P2",
      "KC_P3",
      "KC_PMNS",
      "KC_F11",
      "KC_F12",
      "KC_INS",
      "LCTL(KC_LEFT)",
      "KC_MPLY",
      "LCTL(KC_RGHT)",
      "KC_MUTE",
      "KC_TRNS",
      "KC_PDOT",
      "KC_PDOT",
      "KC_TRNS",
      "KC_TRNS",
      "KC_TRNS",
      "TO(3)",
      "KC_TRNS",
      "KC_TRNS"
    ],
    [
      "KC_TRNS",
      "KC_NO",
      "KC_NO",
      "KC_NO",
      "KC_NO",
      "KC_NO",
      "KC_NO",
      "KC_NO",
      "KC_NO",
      "KC_NO",
      "KC_NO",
      "KC_TRNS",
      "KC_TRNS",
      "KC_NO",
      "OSM(MOD_LCTL|MOD_LSFT)",
      "OSM(MOD_LSFT|MOD_LALT)",
      "OSM(MOD_MEH)",
      "KC_NO",
      "KC_NO",
      "OSM(MOD_MEH)",
      "OSM(MOD_LSFT|MOD_LALT)",
      "OSM(MOD_LCTL|MOD_LSFT)",
      "KC_NO",
      "KC_TRNS",
      "KC_TRNS",
      "OSM(MOD_LGUI)",
      "OSM(MOD_LCTL)",
      "OSM(MOD_LALT)",
      "OSM(MOD_LSFT)",
      "OSM(MOD_RALT)",
      "OSM(MOD_RALT)",
      "OSM(MOD_RSFT)",
      "OSM(MOD_LALT)",
      "OSM(MOD_RCTL)",
      "OSM(MOD_RGUI)",
      "KC_TRNS",
      "KC_TRNS",
      "KC_LGUI",
      "OSM(MOD_LCTL|MOD_LALT)",
      "KC_NO",
      "OSM(MOD_LSFT|MOD_LALT)",
      "KC_NO",
      "TO(0)",
      "TO(0)",
      "KC_NO",
      "OSM(MOD_LSFT|MOD_LALT)",
      "KC_NO",
      "OSM(MOD_LCTL|MOD_LALT)",
      "KC_RGUI",
      "KC_TRNS",
      "KC_TRNS",
      "KC_TRNS",
      "TO(0)",
      "KC_TRNS",
      "KC_TRNS",
      "TO(0)",
      "KC_TRNS",
      "KC_TRNS"
    ],
    [
      "TO(0)",
      "KC_NO",
      "KC_NO",
      "KC_NO",
      "KC_NO",
      "KC_NO",
      "KC_NO",
      "KC_NO",
      "KC_NO",
      "KC_NO",
      "KC_NO",
      "KC_NO",
      "KC_TRNS",
      "KC_END",
      "KC_NO",
      "LCTL(KC_RGHT)",
      "KC_NO",
      "KC_NO",
      "LCTL(KC_C)",
      "LCTL(KC_W)",
      "KC_HOME",
      "KC_NO",
      "LCTL(KC_V)",
      "KC_NO",
      "KC_TRNS",
      "TO(11)",
      "KC_BSPC",
      "OSL(9)",
      "KC_NO",
      "OSL(10)",
      "KC_LEFT",
      "KC_DOWN",
      "KC_UP",
      "KC_RGHT",
      "KC_NO",
      "KC_NO",
      "KC_TRNS",
      "KC_NO",
      "KC_DEL",
      "LCTL(KC_X)",
      "KC_NO",
      "LCTL(KC_LEFT)",
      "TO(0)",
      "KC_TRNS",
      "KC_NO",
      "KC_PGDN",
      "KC_PGUP",
      "KC_NO",
      "KC_NO",
      "KC_NO",
      "KC_NO",
      "KC_NO",
      "TO(0)",
      "KC_NO",
      "KC_NO",
      "TO(0)",
      "KC_NO",
      "KC_NO"
    ],
    [
      "KC_NO",
      "KC_NO",
      "KC_NO",
      "KC_NO",
      "KC_NO",
      "KC_NO",
      "KC_NO",
      "KC_NO",
      "KC_NO",
      "KC_NO",
      "KC_NO",
      "KC_NO",
      "KC_NO",
      "ANY(MC_DELEND)",
      "KC_NO",
      "LCTL(KC_DEL)",
      "KC_NO",
      "KC_NO",
      "KC_NO",
      "KC_NO",
      "ANY(MC_DELHOME)",
      "KC_NO",
      "KC_NO",
      "KC_NO",
      "KC_NO",
      "KC_NO",
      "KC_NO",
      "ANY(MC_DELLINE)",
      "KC_NO",
      "KC_NO",
      "KC_NO",
      "KC_NO",
      "KC_NO",
      "KC_NO",
      "KC_NO",
      "KC_NO",
      "KC_NO",
      "KC_NO",
      "KC_NO",
      "KC_NO",
      "KC_NO",
      "LCTL(KC_BSPC)",
      "KC_NO",
      "KC_NO",
      "KC_NO",
      "KC_NO",
      "KC_NO",
      "KC_NO",
      "KC_NO",
      "KC_NO",
      "KC_NO",
      "KC_NO",
      "KC_NO",
      "KC_NO",
      "KC_NO",
      "KC_NO",
      "KC_NO",
      "KC_NO"
    ],
    [
      "KC_NO",
      "KC_NO",
      "KC_NO",
      "KC_NO",
      "KC_NO",
      "KC_NO",
      "KC_NO",
      "KC_NO",
      "KC_NO",
      "KC_NO",
      "KC_NO",
      "KC_NO",
      "KC_NO",
      "KC_NO",
      "KC_NO",
      "KC_NO",
      "KC_NO",
      "KC_NO",
      "KC_NO",
      "KC_NO",
      "KC_NO",
      "KC_NO",
      "KC_NO",
      "KC_NO",
      "KC_NO",
      "KC_NO",
      "KC_NO",
      "KC_NO",
      "KC_NO",
      "KC_TRNS",
      "KC_NO",
      "KC_NO",
      "KC_NO",
      "KC_NO",
      "KC_NO",
      "KC_NO",
      "KC_NO",
      "KC_NO",
      "KC_NO",
      "KC_NO",
      "KC_NO",
      "KC_NO",
      "KC_NO",
      "KC_NO",
      "KC_NO",
      "KC_NO",
      "KC_NO",
      "KC_NO",
      "KC_NO",
      "KC_NO",
      "KC_NO",
      "KC_NO",
      "KC_NO",
      "KC_NO",
      "KC_NO",
      "KC_NO",
      "KC_NO",
      "KC_NO"
    ],
    [
      "KC_NO",
      "KC_NO",
      "KC_NO",
      "KC_NO",
      "KC_NO",
      "KC_NO",
      "KC_NO",
      "KC_NO",
      "KC_NO",
      "KC_NO",
      "KC_NO",
      "KC_NO",
      "KC_NO",
      "KC_NO",
      "KC_NO",
      "KC_NO",
      "KC_NO",
      "KC_NO",
      "KC_NO",
      "KC_NO",
      "KC_NO",
      "KC_NO",
      "KC_NO",
      "KC_NO",
      "KC_NO",
      "KC_TRNS",
      "KC_NO",
      "KC_NO",
      "KC_NO",
      "KC_NO",
      "KC_NO",
      "KC_NO",
      "KC_NO",
      "KC_NO",
      "KC_NO",
      "KC_NO",
      "KC_NO",
      "KC_NO",
      "KC_NO",
      "KC_NO",
      "KC_TRNS",
      "KC_NO",
      "KC_NO",
      "KC_NO",
      "KC_NO",
      "KC_NO",
      "KC_NO",
      "KC_NO",
      "KC_NO",
      "KC_NO",
      "KC_NO",
      "KC_NO",
      "KC_NO",
      "KC_NO",
      "KC_NO",
      "KC_NO",
      "KC_NO",
      "KC_NO"
    ],
    [
      "KC_NO",
      "KC_NO",
      "KC_NO",
      "KC_NO",
      "KC_NO",
      "KC_NO",
      "KC_NO",
      "KC_NO",
      "KC_NO",
      "KC_NO",
      "KC_NO",
      "KC_NO",
      "KC_NO",
      "KC_NO",
      "KC_NO",
      "KC_NO",
      "KC_NO",
      "KC_NO",
      "KC_NO",
      "KC_NO",
      "KC_NO",
      "KC_NO",
      "KC_NO",
      "KC_NO",
      "KC_NO",
      "KC_NO",
      "KC_NO",
      "KC_NO",
      "KC_NO",
      "KC_NO",
      "KC_NO",
      "KC_NO",
      "KC_NO",
      "KC_NO",
      "KC_NO",
      "KC_NO",
      "KC_TRNS",
      "KC_NO",
      "KC_NO",
      "KC_NO",
      "KC_NO",
      "KC_NO",
      "KC_NO",
      "KC_NO",
      "KC_NO",
      "KC_NO",
      "KC_NO",
      "KC_NO",
      "KC_NO",
      "KC_NO",
      "KC_NO",
      "KC_NO",
      "KC_NO",
      "KC_NO",
      "KC_NO",
      "KC_NO",
      "KC_NO",
      "KC_NO"
    ],
    [
      "KC_NO",
      "KC_NO",
      "KC_NO",
      "KC_NO",
      "KC_NO",
      "KC_NO",
      "KC_NO",
      "KC_NO",
      "KC_NO",
      "KC_NO",
      "KC_NO",
      "KC_NO",
      "KC_NO",
      "KC_NO",
      "KC_NO",
      "KC_NO",
      "KC_NO",
      "KC_NO",
      "KC_NO",
      "KC_NO",
      "KC_NO",
      "KC_NO",
      "KC_NO",
      "KC_NO",
      "KC_TRNS",
      "KC_NO",
      "KC_NO",
      "KC_NO",
      "KC_NO",
      "KC_NO",
      "KC_NO",
      "KC_NO",
      "KC_NO",
      "KC_NO",
      "KC_NO",
      "KC_NO",
      "KC_NO",
      "KC_NO",
      "KC_NO",
      "KC_NO",
      "KC_NO",
      "KC_NO",
      "KC_NO",
      "KC_NO",
      "KC_NO",
      "KC_NO",
      "KC_NO",
      "KC_NO",
      "KC_NO",
      "KC_NO",
      "KC_NO",
      "KC_NO",
      "KC_NO",
      "KC_NO",
      "KC_NO",
      "KC_NO",
      "KC_NO",
      "KC_NO"
    ],
    [
      "KC_NO",
      "KC_NO",
      "KC_NO",
      "KC_NO",
      "KC_NO",
      "KC_NO",
      "KC_NO",
      "KC_NO",
      "KC_NO",
      "KC_NO",
      "KC_NO",
      "KC_NO",
      "KC_NO",
      "KC_NO",
      "KC_NO",
      "KC_NO",
      "KC_NO",
      "KC_NO",
      "KC_NO",
      "KC_NO",
      "KC_NO",
      "KC_NO",
      "KC_NO",
      "KC_NO",
      "KC_NO",
      "KC_NO",
      "KC_NO",
      "KC_NO",
      "KC_NO",
      "KC_NO",
      "KC_NO",
      "KC_NO",
      "KC_NO",
      "KC_NO",
      "KC_NO",
      "KC_NO",
      "KC_TRNS",
      "KC_NO",
      "KC_NO",
      "KC_NO",
      "KC_NO",
      "KC_NO",
      "KC_NO",
      "KC_NO",
      "KC_NO",
      "KC_NO",
      "KC_NO",
      "KC_NO",
      "KC_NO",
      "KC_NO",
      "KC_NO",
      "KC_NO",
      "KC_NO",
      "KC_NO",
      "KC_NO",
      "KC_NO",
      "KC_NO",
      "KC_NO"
    ],
    [
      "KC_ESC",
      "KC_NO",
      "KC_NO",
      "KC_NO",
      "KC_NO",
      "KC_NO",
      "KC_NO",
      "KC_NO",
      "KC_NO",
      "KC_NO",
      "KC_NO",
      "KC_BSPC",
      "KC_LALT",
      "KC_A",
      "KC_Z",
      "KC_D",
      "KC_G",
      "KC_K",
      "KC_Y",
      "KC_H",
      "KC_U",
      "KC_L",
      "KC_P",
      "KC_DEL",
      "KC_LSFT",
      "KC_Q",
      "KC_S",
      "KC_E",
      "KC_T",
      "KC_F",
      "ANY(FR_M)",
      "KC_N",
      "KC_I",
      "KC_O",
      "KC_R",
      "KC_ENT",
      "KC_LCTL",
      "KC_W",
      "KC_X",
      "KC_C",
      "KC_V",
      "KC_B",
      "TO(0)",
      "TO(0)",
      "KC_J",
      "ANY(fCOMM)",
      "ANY(fSCLN)",
      "ANY(fSLSH)",
      "ANY(fEXLM)",
      "KC_RCTL",
      "KC_LSFT",
      "KC_LALT",
      "MO(6)",
      "KC_SPC",
      "LSFT_T(KC_BSPC)",
      "MO(5)",
      "MO(7)",
      "KC_RSFT"
    ]
  ],
  "author": ""
}